point,x_real,y_real,x_fixed,y_fixed
0,0.6930260434182456,1.7501389537035665,693,1750
1,-0.2687254297539585,-3.920583439234906,-269,-3921
2,-5.994631167835566,5.679504308907907,-5995,5680
3,0.8365056424147239,-5.21057211911431,837,-5211
4,-1.1895261617577848,-5.47978322636898,-1190,-5480
5,3.2072304378348395,5.784048054414919,3207,5784
6,-4.807820819788999,-5.409239296994194,-4808,-5409
7,-5.665565411409983,0.12263408900687978,-5666,123
